{"cameraMode":{"drawMode":0,"name":"Shaded","section":"Shading Mode"},"sceneLighting":true,"audioPlay":false,"sceneViewState":{"showFog":true,"showMaterialUpdate":false,"showSkybox":true,"showFlares":true,"showImageEffects":true,"showParticleSystems":true},"in2DMode":false,"pivot":{"x":-2.524435043334961,"y":0.45411205291748049,"z":1.0209813117980958},"rotation":{"x":0.1680869460105896,"y":-0.6945193409919739,"z":0.17217102646827699,"w":0.6780481934547424},"size":12.786711692810059,"orthographic":false}